{
    "stat": {
        "ru_self_cgstart": {
            "ru_nvcsw": 50,
            "ru_utime_sec": 0.19050300000000001,
            "ru_stime_sec": 0.038898000000000002,
            "ru_maxrss_kb": 59136,
            "ru_minflt": 24670,
            "ru_majflt": 0,
            "ru_nivcsw": 103
        },
        "ru_childs_cgstart": {
            "ru_nvcsw": 8,
            "ru_utime_sec": 0.0041479999999999998,
            "ru_stime_sec": 0.017350999999999998,
            "ru_maxrss_kb": 8880,
            "ru_minflt": 4271,
            "ru_majflt": 0,
            "ru_nivcsw": 17
        },
        "peak_mem_kb": 196440,
        "cpu_cycles_cgstart": 1250040643862688,
        "Frontend(%)": 66.842141409979064,
        "nMops": 24826,
        "quadSpeed": 94926.418044925915,
        "nQuads": 9166,
        "ru_childs_end": {
            "ru_nvcsw": 9,
            "ru_utime_sec": 0.0049839999999999997,
            "ru_stime_sec": 0.019022000000000001,
            "ru_maxrss_kb": 12108,
            "ru_minflt": 4861,
            "ru_majflt": 0,
            "ru_nivcsw": 19
        },
        "totalObjSize": 159038,
        "CodeGen(%)": 33.157858590020943,
        "cpu_cycles_end": 1250041000811526,
        "cpu_cycles_total": 17709158058,
        "outputSizePerQuad": 17.350861880864063,
        "ru_self_end": {
            "ru_nvcsw": 51,
            "ru_utime_sec": 0.28622599999999998,
            "ru_stime_sec": 0.049037999999999998,
            "ru_maxrss_kb": 68300,
            "ru_minflt": 27987,
            "ru_majflt": 0,
            "ru_nivcsw": 111
        },
        "mop/quad": 2.7084878900283655,
        "mopSpeed": 257107.05371845199,
        "realTime": 5.3952999849570915
    },
    "CompileStrategy": "fullobj",
    "PrevCompiledModules": {
        "flash": {
            "TKY6z_d": {
                "bytes": 89394,
                "mod": "flash",
                "mode": 4,
                "out": "TKY6z_d.o",
                "checksum": 0,
                "archive": "archive.87/_prev_archive_1.a"
            }
        },
        "BUFFER": {
            "sIeQK_d": {
                "bytes": 3750,
                "mod": "BUFFER",
                "mode": 4,
                "out": "sIeQK_d.o",
                "checksum": 0,
                "archive": "archive.87/_prev_archive_1.a"
            }
        },
        "...MASTER...": {
            "amcQw_d": {
                "bytes": 4696,
                "mod": "...MASTER...",
                "mode": 4,
                "out": "objs/amcQw_d.o",
                "checksum": 0
            }
        },
        "test": {
            "x9Hvb_d": {
                "bytes": 92740,
                "mod": "test",
                "checksum": 0,
                "out": "x9Hvb_d.o",
                "mode": 4,
                "archive": "archive.87/_30290_archive_1.a"
            }
        }
    },
    "cycles_program_begin": 1250023291653468,
    "CurCompileUdps": {},
    "incremental": "on",
    "perf": [
        {
            "stat": [
                "main",
                "entry",
                0.016709984978660941,
                0.030790999999999999,
                0.012912,
                178240,
                178240,
                0.0,
                0.0,
                1614355187.6310821,
                1250023291964373
            ],
            "sub": [
                {
                    "stat": [
                        "doParsingAndDesignResolution",
                        "entry",
                        5.09414498496335,
                        0.039100999999999997,
                        0.019550000000000001,
                        178688,
                        179488,
                        0.0,
                        0.0,
                        1614355192.7085171,
                        1250040009580626
                    ],
                    "sub": []
                },
                {
                    "stat": [
                        "doParsingAndDesignResolution",
                        "exit",
                        5.1252569849602878,
                        0.063963000000000006,
                        0.025585,
                        180116,
                        181088,
                        0.0,
                        0.0,
                        1614355192.739629,
                        1250040112025709
                    ],
                    "sub": []
                },
                {
                    "stat": [
                        "doPostDesignResolutionToVir2Vcs",
                        "entry",
                        5.1256679849466309,
                        0.063963000000000006,
                        0.025995999999999998,
                        180116,
                        181088,
                        0.0,
                        0.0,
                        1614355192.7400401,
                        1250040113320452
                    ],
                    "sub": [
                        {
                            "stat": [
                                "doUptoVir2VcsNoSepCleanup",
                                "entry",
                                5.1430129850050434,
                                0.080723000000000003,
                                0.026578999999999998,
                                180928,
                                181088,
                                0.0,
                                0.0,
                                1614355192.757385,
                                1250040170436368
                            ],
                            "sub": []
                        },
                        {
                            "stat": [
                                "doUptoVir2VcsNoSepCleanup",
                                "exit",
                                5.2786419850308448,
                                0.18432499999999999,
                                0.036865000000000002,
                                184084,
                                196440,
                                0.0041479999999999998,
                                0.017350999999999998,
                                1614355192.893014,
                                1250040616974978
                            ],
                            "sub": []
                        },
                        {
                            "stat": [
                                "doRadify_vir2vcsAll",
                                "entry",
                                5.2787169850198552,
                                0.184389,
                                0.036877,
                                184084,
                                196440,
                                0.0041479999999999998,
                                0.017350999999999998,
                                1614355192.8930891,
                                1250040617152476
                            ],
                            "sub": []
                        },
                        {
                            "stat": [
                                "doRadify_vir2vcsAll",
                                "exit",
                                5.2851899849483743,
                                0.18978200000000001,
                                0.037955999999999997,
                                184084,
                                196440,
                                0.0041479999999999998,
                                0.017350999999999998,
                                1614355192.8995619,
                                1250040638526369
                            ],