{
    "rlimit": {
        "data": -1,
        "stack": 134217728
    },
    "stat": {
        "ru_self_cgstart": {
            "ru_nivcsw": 53,
            "ru_utime_sec": 0.14846000000000001,
            "ru_stime_sec": 0.040124,
            "ru_maxrss_kb": 63104,
            "ru_minflt": 22896,
            "ru_majflt": 0,
            "ru_nvcsw": 52
        },
        "totalObjSize": 145920,
        "nQuads": 8465,
        "CodeGen(%)": 36.945224075755171,
        "ru_childs_cgstart": {
            "ru_nivcsw": 16,
            "ru_utime_sec": 0.0029610000000000001,
            "ru_stime_sec": 0.012411,
            "ru_maxrss_kb": 12980,
            "ru_minflt": 4271,
            "ru_majflt": 0,
            "ru_nvcsw": 8
        },
        "ru_self_end": {
            "ru_nivcsw": 65,
            "ru_utime_sec": 0.23538200000000001,
            "ru_stime_sec": 0.046271,
            "ru_maxrss_kb": 71960,
            "ru_minflt": 26051,
            "ru_majflt": 0,
            "ru_nvcsw": 53
        },
        "Frontend(%)": 63.054775924244815,
        "nMops": 22536,
        "cpu_cycles_cgstart": 565305383299800,
        "ru_childs_end": {
            "ru_nivcsw": 18,
            "ru_utime_sec": 0.0047600000000000003,
            "ru_stime_sec": 0.013310000000000001,
            "ru_maxrss_kb": 16076,
            "ru_minflt": 4861,
            "ru_majflt": 0,
            "ru_nvcsw": 9
        },
        "mop/quad": 2.662256349675133,
        "cpu_cycles_end": 565305698865771,
        "cpu_cycles_total": 23063782914,
        "mopSpeed": 254009.76093596782,
        "quadSpeed": 95411.458392037966,
        "outputSizePerQuad": 17.238038984051979,
        "peak_mem_kb": 196436,
        "realTime": 7.0193150605773553
    },
    "cycles_program_begin": 565282635082857,
    "perf": [
        {
            "stat": [
                "main",
                "entry",
                0.014412060612812638,
                0.023299,
                0.013169,
                178240,
                178240,
                0.0,
                0.0,
                1614147219.3217411,
                565282635373689
            ],
            "sub": [
                {
                    "stat": [
                        "doParsingAndDesignResolution",
                        "entry",
                        6.7661090606125072,
                        0.027529000000000001,
                        0.019372,
                        178688,
                        179488,
                        0.0,
                        0.0,
                        1614147226.0734379,
                        565304865452538
                    ],
                    "sub": []
                },
                {
                    "stat": [
                        "doParsingAndDesignResolution",
                        "exit",
                        6.7822470605606213,
                        0.041660999999999997,
                        0.021337999999999999,
                        180088,
                        181060,
                        0.0,
                        0.0,
                        1614147226.089576,
                        565304918613630
                    ],
                    "sub": []
                },
                {
                    "stat": [
                        "doPostDesignResolutionToVir2Vcs",
                        "entry",
                        6.7825080605689436,
                        0.041833000000000002,
                        0.021427000000000002,
                        180088,
                        181060,
                        0.0,
                        0.0,
                        1614147226.0898371,
                        565304919427215
                    ],
                    "sub": [
                        {
                            "stat": [
                                "doUptoVir2VcsNoSepCleanup",
                                "entry",
                                6.7921600606059656,
                                0.047865999999999999,
                                0.025045999999999999,
                                180944,
                                181060,
                                0.0,
                                0.0,
                                1614147226.099489,
                                565304951217072
                            ],
                            "sub": []
                        },
                        {
                            "stat": [
                                "doUptoVir2VcsNoSepCleanup",
                                "exit",
                                6.9119670605286956,
                                0.13911699999999999,
                                0.038032000000000003,
                                184080,
                                196436,
                                0.0029610000000000001,
                                0.012411,
                                1614147226.219296,
                                565305345769779
                            ],
                            "sub": []
                        },
                        {
                            "stat": [
                                "doRadify_vir2vcsAll",
                                "entry",
                                6.912061060545966,
                                0.13919200000000001,
                                0.038052000000000002,
                                184080,
                                196436,
                                0.0029610000000000001,
                                0.012411,
                                1614147226.2193899,
                                565305346026558
                            ],
                            "sub": []
                        },
                        {
                            "stat": [
                                "doRadify_vir2vcsAll",
                                "exit",
                                6.9214560606051236,
                                0.14749599999999999,
                                0.039130999999999999,
                                184080,
                                196436,
                                0.0029610000000000001,
                                0.012411,
                                1614147226.228785,
                                565305376996971
                            ],
                            "sub": []
                        }
                    ]
                },
                {
                    "stat": [
                        "doPostDesignResolutionToVir2Vcs",
                        "exit",
                        6.9215180606115609,
                        0.14754600000000001,
                        0.039143999999999998,
                        184080,
                        196436,
                        0.0029610000000000001,
                        0.012411,
                        1614147226.228847,
                        565305377156778
                    ],
                    "sub": []
                },
                {
                    "stat": [
                        "doGAToPass2",
                        "entry",
                        6.9215640606125817,
                        0.14758099999999999,
                        0.039154000000000001,
                        184080,
                        196436,
                        0.0029610000000000001,
                        0.012411,
                        1614147226.228893,
                        565305377296941
                    ],