{
    "CompileStatus": "Successful",
    "stat": {
        "ru_self_cgstart": {
            "ru_nvcsw": 51,
            "ru_utime_sec": 0.15743699999999999,
            "ru_stime_sec": 0.050574000000000001,
            "ru_majflt": 0,
            "ru_maxrss_kb": 59000,
            "ru_minflt": 23981,
            "ru_nivcsw": 307
        },
        "ru_childs_end": {
            "ru_nvcsw": 9,
            "ru_utime_sec": 0.0036319999999999998,
            "ru_stime_sec": 0.020843,
            "ru_majflt": 0,
            "ru_maxrss_kb": 12016,
            "ru_minflt": 4861,
            "ru_nivcsw": 62
        },
        "cpu_cycles_cgstart": 593821574707371,
        "cpu_cycles_total": 31671259983,
        "ru_childs_cgstart": {
            "ru_nvcsw": 8,
            "ru_utime_sec": 0.0018489999999999999,
            "ru_stime_sec": 0.019060000000000001,
            "ru_majflt": 0,
            "ru_maxrss_kb": 8820,
            "ru_minflt": 4271,
            "ru_nivcsw": 28
        },
        "peak_mem_kb": 196432,
        "nMops": 22596,
        "nQuads": 8520,
        "totalObjSize": 146748,
        "ru_self_end": {
            "ru_nvcsw": 53,
            "ru_utime_sec": 0.25537399999999999,
            "ru_stime_sec": 0.060753000000000001,
            "ru_majflt": 0,
            "ru_maxrss_kb": 68120,
            "ru_minflt": 27266,
            "ru_nivcsw": 331
        },
        "quadSpeed": 85439.229843561974,
        "cpu_cycles_end": 593822090460585,
        "mopSpeed": 226594.46450060169,
        "mop/quad": 2.6521126760563378,
        "outputSizePerQuad": 17.22394366197183,
        "Frontend(%)": 61.498961414021288,
        "CodeGen(%)": 38.501038585978705,
        "realTime": 9.6340311103267595
    },
    "cycles_program_begin": 593790419200602,
    "SIMBData": {
        "out": "amcQwB.o",
        "bytes": 66336,
        "text": 0,
        "archive": "archive.53/_7550_archive_1.a"
    },
    "perf": [
        {
            "stat": [
                "main",
                "entry",
                0.014864110271446407,
                0.023474999999999999,
                0.015650000000000001,
                178240,
                178240,
                0.0,
                0.0,
                1614155877.6610961,
                593790419515137
            ],
            "sub": [
                {
                    "stat": [
                        "doParsingAndDesignResolution",
                        "entry",
                        9.2920541103230789,
                        0.02886,
                        0.022676000000000002,
                        178688,
                        179488,
                        0.0,
                        0.0,
                        1614155886.9382861,
                        593820964851180
                    ],
                    "sub": []
                },
                {
                    "stat": [
                        "doParsingAndDesignResolution",
                        "exit",
                        9.313339110231027,
                        0.048154000000000002,
                        0.024589,
                        180088,
                        181060,
                        0.0,
                        0.0,
                        1614155886.9595709,
                        593821035014271
                    ],
                    "sub": []
                },
                {
                    "stat": [
                        "doPostDesignResolutionToVir2Vcs",
                        "entry",
                        9.3137181103229523,
                        0.048154000000000002,
                        0.024969999999999999,
                        180088,
                        181060,
                        0.0,
                        0.0,
                        1614155886.95995,
                        593821036185969
                    ],
                    "sub": [
                        {
                            "stat": [
                                "doUptoVir2VcsNoSepCleanup",
                                "entry",
                                9.3285261102719232,
                                0.059364,
                                0.028518999999999999,
                                180944,
                                181060,
                                0.0,
                                0.0,
                                1614155886.9747579,
                                593821084946391
                            ],
                            "sub": []
                        },
                        {
                            "stat": [
                                "doUptoVir2VcsNoSepCleanup",
                                "exit",
                                9.4682121102232486,
                                0.150171,
                                0.048730999999999997,
                                184076,
                                196432,
                                0.0018489999999999999,
                                0.019060000000000001,
                                1614155887.114444,
                                593821544879202
                            ],
                            "sub": []
                        },
                        {
                            "stat": [
                                "doRadify_vir2vcsAll",
                                "entry",
                                9.4682971102884039,
                                0.15023600000000001,
                                0.048751999999999997,
                                184076,
                                196432,
                                0.0018489999999999999,
                                0.019060000000000001,
                                1614155887.1145289,
                                593821545081975
                            ],
                            "sub": []
                        },
                        {
                            "stat": [
                                "doRadify_vir2vcsAll",
                                "exit",
                                9.475485110306181,
                                0.15736900000000001,
                                0.048804,
                                184076,
                                196432,
                                0.0018489999999999999,
                                0.019060000000000001,
                                1614155887.121717,
                                593821568812950
                            ],
                            "sub": []
                        }
                    ]
                },
                {
                    "stat": [
                        "doPostDesignResolutionToVir2Vcs",
                        "exit",
                        9.4755411102669314,
                        0.157414,
                        0.048818,
                        184076,
                        196432,
                        0.0018489999999999999,
                        0.019060000000000001,
                        1614155887.121773,
                        593821568923605
                    ],
                    "sub": []
                },
                {
                    "stat": [
                        "doGAToPass2",
                        "entry",
                        9.4755711102625355,
                        0.15743699999999999,
                        0.048825,
                        184076,
                        196432,
                        0.0018489999999999999,
                        0.019060000000000001,
                        1614155887.121803,
                        593821569013290
                    ],