{
    "cycles_program_begin": 350708431522602,
    "CurCompileUdps": {},
    "cpu_cycles_pass2_start": 350730775686222,
    "SIMBData": {
        "out": "amcQwB.o",
        "bytes": 66368,
        "text": 0,
        "archive": "archive.38/_29129_archive_1.a"
    },
    "perf": [
        {
            "stat": [
                "main",
                "entry",
                0.014653966296464205,
                0.023621,
                0.013779,
                178240,
                178240,
                0.0,
                0.0,
                1614082049.189117,
                350708431813437
            ],
            "sub": [
                {
                    "stat": [
                        "doParsingAndDesignResolution",
                        "entry",
                        6.597012966289185,
                        0.029869,
                        0.021904,
                        178688,
                        179488,
                        0.0,
                        0.0,
                        1614082055.771476,
                        350730104454758
                    ],
                    "sub": []
                },
                {
                    "stat": [
                        "doParsingAndDesignResolution",
                        "exit",
                        6.6263349662767723,
                        0.051912,
                        0.028951000000000001,
                        180080,
                        181052,
                        0.0,
                        0.0,
                        1614082055.8007979,
                        350730201033492
                    ],
                    "sub": []
                },
                {
                    "stat": [
                        "doPostDesignResolutionToVir2Vcs",
                        "entry",
                        6.626761966268532,
                        0.052339999999999998,
                        0.028951000000000001,
                        180080,
                        181052,
                        0.0,
                        0.0,
                        1614082055.8012249,
                        350730202386987
                    ],
                    "sub": [
                        {
                            "stat": [
                                "doUptoVir2VcsNoSepCleanup",
                                "entry",
                                6.6443429663777351,
                                0.067896999999999999,
                                0.030973000000000001,
                                180904,
                                181052,
                                0.0,
                                0.0,
                                1614082055.8188059,
                                350730260234120
                            ],
                            "sub": []
                        },
                        {
                            "stat": [
                                "doUptoVir2VcsNoSepCleanup",
                                "exit",
                                6.788712966372259,
                                0.178957,
                                0.039989999999999998,
                                184076,
                                196432,
                                0.0074720000000000003,
                                0.016036000000000002,
                                1614082055.963176,
                                350730735543774
                            ],
                            "sub": []
                        },
                        {
                            "stat": [
                                "doRadify_vir2vcsAll",
                                "entry",
                                6.788791966275312,
                                0.17902199999999999,
                                0.040003999999999998,
                                184076,
                                196432,
                                0.0074720000000000003,
                                0.016036000000000002,
                                1614082055.9632549,
                                350730735782631
                            ],
                            "sub": []
                        },
                        {
                            "stat": [
                                "doRadify_vir2vcsAll",
                                "exit",
                                6.7978489663219079,
                                0.18800900000000001,
                                0.040003999999999998,
                                184076,
                                196432,
                                0.0074720000000000003,
                                0.016036000000000002,
                                1614082055.972312,
                                350730765671595
                            ],
                            "sub": []
                        }
                    ]
                },
                {
                    "stat": [
                        "doPostDesignResolutionToVir2Vcs",
                        "exit",
                        6.7979139663511887,
                        0.18806600000000001,
                        0.040014000000000001,
                        184076,
                        196432,
                        0.0074720000000000003,
                        0.016036000000000002,
                        1614082055.9723771,
                        350730765823986
                    ],
                    "sub": []
                },
                {
                    "stat": [
                        "doGAToPass2",
                        "entry",
                        6.7979559663217515,
                        0.18810099999999999,
                        0.040021000000000001,
                        184076,
                        196432,
                        0.0074720000000000003,
                        0.016036000000000002,
                        1614082055.972419,
                        350730765955731
                    ],
                    "sub": [
                        {
                            "stat": [
                                "DoPass2",
                                "entry",
                                6.8008949663490057,
                                0.18951299999999999,
                                0.040895000000000001,
                                182596,
                                196432,
                                0.0074720000000000003,
                                0.016036000000000002,
                                1614082055.975358,
                                350730775677141
                            ],
                            "sub": []
                        },
                        {
                            "stat": [
                                "DoPass2",
                                "exit",
                                6.9849929662887007,
                                0.35606500000000002,
                                0.054009000000000001,
                                188800,
                                196432,
                                0.0083320000000000009,
                                0.017756000000000001,
                                1614082056.159456,
                                350731381822563
                            ],