{
    "Modules": {
        "test": {
            "start_perf": [
                7.1192529343534261,
                0.22717200000000001,
                0.052491000000000003,
                185044,
                196436,
                1614347771.662946,
                1225606045541214
            ],
            "Compiled": "Yes",
            "child_modules": {
                "flash": 1
            },
            "Compiled Times": 78,
            "end_perf": [
                7.1819579344009981,
                0.28697499999999998,
                0.055381,
                189020,
                196436,
                1225606252043085,
                21474836481,
                0
            ],
            "nQuads": 4217,
            "nRouts": 205,
            "nMops": 12049
        },
        "...MASTER...": {
            "start_perf": [
                7.0727969344006851,
                0.18870300000000001,
                0.047427999999999998,
                181460,
                196436,
                1614347771.6164899,
                1225605892573269
            ],
            "child_modules": {
                "test": 1
            },
            "end_perf": [
                7.078038934385404,
                0.18895500000000001,
                0.049512,
                182600,
                196436,
                1225605909875970,
                0,
                0
            ],
            "nQuads": 0,
            "nRouts": 5,
            "nMops": 0
        },
        "BUFFER": {
            "start_perf": [
                7.1186249343445525,
                0.22665399999999999,
                0.052381999999999998,
                185044,
                196436,
                1614347771.662318,
                1225606043468169
            ],
            "Compiled": "Yes",
            "child_modules": {},
            "Compiled Times": 15,
            "end_perf": [
                7.1192079343600199,
                0.227127,
                0.052491000000000003,
                185044,
                196436,
                1225606045416483,
                17179869185,
                0
            ],
            "nQuads": 0,
            "nRouts": 5,
            "nMops": 0
        },
        "flash": {
            "start_perf": [
                7.078144934377633,
                0.189031,
                0.049532,
                182600,
                196436,
                1614347771.6218381,
                1225605910214253
            ],
            "Compiled": "Yes",
            "child_modules": {
                "BUFFER": 5
            },
            "Compiled Times": 78,
            "end_perf": [
                7.1185599343152717,
                0.2266,
                0.052368999999999999,
                185044,
                196436,
                1225606043331120,
                12884901889,
                0
            ],
            "nQuads": 4921,
            "nRouts": 242,
            "nMops": 12744
        }
    },
    "ObjArchives": [
        {
            "archive": "archive.77/_10105_archive_1.a",
            "objects": [
                [
                    "x9Hvb_d.o",
                    91056
                ],
                [
                    "amcQwB.o",
                    66494
                ]
            ],
            "size": 157550
        }
    ],
    "CompUnits": {
        "x9Hvb_d": {
            "archive": "archive.77/_10105_archive_1.a",
            "text": 57034,
            "mod": "test",
            "out": "x9Hvb_d.o",
            "mode": 4,
            "bytes": 91056,
            "checksum": 0
        }
    },
    "reusePaths": {
        "amcQw_d": {
            "icPath": "csrc"
        },
        "TKY6z_d": {
            "icPath": "csrc"
        },
        "sIeQK_d": {
            "icPath": "csrc"
        }
    },
    "stat": {
        "ru_self_end": {
            "ru_nivcsw": 133,
            "ru_majflt": 0,
            "ru_minflt": 27558,
            "ru_maxrss_kb": 68300,
            "ru_utime_sec": 0.28875000000000001,
            "ru_stime_sec": 0.058353000000000002,
            "ru_nvcsw": 51
        },
        "peak_mem_kb": 196436,
        "ru_childs_end": {
            "ru_nivcsw": 20,
            "ru_majflt": 0,
            "ru_minflt": 4861,
            "ru_maxrss_kb": 11032,
            "ru_utime_sec": 0.0055189999999999996,
            "ru_stime_sec": 0.019137999999999999,
            "ru_nvcsw": 9
        },
        "cpu_cycles_end": 1225606267575777
    }
}