{
    "Modules": {
        "BUFFER": {
            "Compiled": "Yes",
            "start_perf": [
                9.5754031102405861,
                0.19891200000000001,
                0.058679000000000002,
                185092,
                196432,
                1614155887.2216351,
                593821897720596
            ],
            "child_modules": {},
            "nQuads": 0,
            "end_perf": [
                9.5761361102340743,
                0.19964499999999999,
                0.058679000000000002,
                185092,
                196432,
                593821900159125,
                17179869185,
                0
            ],
            "Compiled Times": 48,
            "nMops": 0,
            "nRouts": 5
        },
        "...MASTER...": {
            "start_perf": [
                9.477361110271886,
                0.15743699999999999,
                0.050615,
                182596,
                196432,
                1614155887.1235931,
                593821574918472
            ],
            "child_modules": {
                "test": 1
            },
            "nQuads": 0,
            "end_perf": [
                9.4842521102400497,
                0.15823799999999999,
                0.052746000000000001,
                182864,
                196432,
                593821597671186,
                0,
                0
            ],
            "nMops": 0,
            "nRouts": 5
        },
        "flash": {
            "Compiled": "Yes",
            "start_perf": [
                9.4843681103084236,
                0.15831899999999999,
                0.052773,
                182864,
                196432,
                1614155887.1306,
                593821598029296
            ],
            "child_modules": {
                "BUFFER": 5
            },
            "nQuads": 4921,
            "end_perf": [
                9.5753401102265343,
                0.19886200000000001,
                0.058664000000000001,
                185092,
                196432,
                593821897587951,
                12884901889,
                0
            ],
            "Compiled Times": 54,
            "nMops": 12744,
            "nRouts": 242
        },
        "test": {
            "Compiled": "Yes",
            "start_perf": [
                9.5761791103286669,
                0.199688,
                0.058679000000000002,
                185092,
                196432,
                1614155887.2224109,
                593821900268556
            ],
            "child_modules": {
                "flash": 1
            },
            "nQuads": 3599,
            "end_perf": [
                9.6284181103110313,
                0.251859,
                0.058733,
                188968,
                196432,
                593822072336376,
                21474836481,
                0
            ],
            "Compiled Times": 54,
            "nMops": 9852,
            "nRouts": 183
        }
    },
    "stat": {
        "ru_self_end": {
            "ru_nvcsw": 53,
            "ru_utime_sec": 0.254963,
            "ru_stime_sec": 0.060753000000000001,
            "ru_majflt": 0,
            "ru_maxrss_kb": 68120,
            "ru_minflt": 27264,
            "ru_nivcsw": 331
        },
        "ru_childs_end": {
            "ru_nvcsw": 9,
            "ru_utime_sec": 0.0036319999999999998,
            "ru_stime_sec": 0.020843,
            "ru_majflt": 0,
            "ru_maxrss_kb": 12016,
            "ru_minflt": 4861,
            "ru_nivcsw": 62
        },
        "cpu_cycles_end": 593822089097889,
        "peak_mem_kb": 196432
    },
    "CompUnits": {
        "x9Hvb_d": {
            "archive": "archive.53/_7550_archive_1.a",
            "mod": "test",
            "out": "x9Hvb_d.o",
            "checksum": 0,
            "bytes": 80412,
            "mode": 4,
            "text": 47906
        }
    },
    "reusePaths": {
        "amcQw_d": {
            "icPath": "csrc"
        },
        "TKY6z_d": {
            "icPath": "csrc"
        },
        "sIeQK_d": {
            "icPath": "csrc"
        }
    },
    "ObjArchives": [
        {
            "archive": "archive.53/_7550_archive_1.a",
            "objects": [
                [
                    "x9Hvb_d.o",
                    80412
                ],
                [
                    "amcQwB.o",
                    66336
                ]
            ],
            "size": 146748
        }
    ]
}