{
    "Modules": {
        "BUFFER": {
            "nQuads": 0,
            "start_perf": [
                6.9135679663158953,
                0.28989799999999999,
                0.048981999999999998,
                189060,
                196432,
                1614082056.0880311,
                350731146612093
            ],
            "nMops": 0,
            "child_modules": {},
            "Compiled": "Yes",
            "Compiled Times": 33,
            "end_perf": [
                6.9143679663538933,
                0.29058200000000001,
                0.049098000000000003,
                189060,
                196432,
                350731149266418,
                17179869185,
                0
            ],
            "nRouts": 5
        },
        "...MASTER...": {
            "nQuads": 0,
            "start_perf": [
                6.8010209663771093,
                0.18961800000000001,
                0.040917000000000002,
                182596,
                196432,
                1614082055.9754839,
                350730776053548
            ],
            "nMops": 0,
            "child_modules": {
                "test": 1
            },
            "end_perf": [
                6.8065279662841931,
                0.192493,
                0.040917000000000002,
                182864,
                196432,
                350730794221356,
                0,
                0
            ],
            "nRouts": 5
        },
        "test": {
            "nQuads": 3500,
            "start_perf": [
                6.9144219662994146,
                0.290628,
                0.049105999999999997,
                189060,
                196432,
                1614082056.0888851,
                350731149421338
            ],
            "nMops": 9708,
            "child_modules": {
                "flash": 1
            },
            "Compiled": "Yes",
            "Compiled Times": 39,
            "end_perf": [
                6.9824379662750289,
                0.35563299999999998,
                0.052091999999999999,
                188804,
                196432,
                350731373454732,
                21474836481,
                0
            ],
            "nRouts": 170
        },
        "flash": {
            "nQuads": 4921,
            "start_perf": [
                6.8066449663601816,
                0.19260099999999999,
                0.040917000000000002,
                182864,
                196432,
                1614082055.981108,
                350730794571624
            ],
            "nMops": 12744,
            "child_modules": {
                "BUFFER": 5
            },
            "Compiled": "Yes",
            "Compiled Times": 39,
            "end_perf": [
                6.9134929663268849,
                0.28983300000000001,
                0.048971000000000001,
                189060,
                196432,
                350731146417567,
                12884901889,
                0
            ],
            "nRouts": 242
        }
    },
    "CompUnits": {
        "TKY6z_d": {
            "mod": "flash",
            "out": "TKY6z_d.o",
            "checksum": 0,
            "bytes": 89394,
            "text": 61867,
            "mode": 4,
            "archive": "archive.38/_29129_archive_1.a"
        },
        "x9Hvb_d": {
            "mod": "test",
            "out": "x9Hvb_d.o",
            "checksum": 0,
            "bytes": 78600,
            "text": 46666,
            "mode": 4,
            "archive": "archive.38/_29129_archive_1.a"
        }
    },
    "stat": {
        "ru_self_end": {
            "ru_utime_sec": 0.35911900000000002,
            "ru_stime_sec": 0.056154999999999997,
            "ru_minflt": 27409,
            "ru_maxrss_kb": 68208,
            "ru_majflt": 0,
            "ru_nvcsw": 51,
            "ru_nivcsw": 275
        },
        "ru_childs_end": {
            "ru_utime_sec": 0.0083320000000000009,
            "ru_stime_sec": 0.017756000000000001,
            "ru_minflt": 4859,
            "ru_maxrss_kb": 12008,
            "ru_majflt": 0,
            "ru_nvcsw": 9,
            "ru_nivcsw": 47
        },
        "cpu_cycles_end": 350731399987719,
        "peak_mem_kb": 196432
    },
    "reusePaths": {
        "amcQw_d": {
            "icPath": "csrc"
        },
        "sIeQK_d": {
            "icPath": "csrc"
        }
    },
    "ObjArchives": [
        {
            "archive": "archive.38/_29129_archive_1.a",
            "objects": [
                [
                    "TKY6z_d.o",
                    89394
                ],
                [
                    "x9Hvb_d.o",
                    78600
                ],
                [
                    "amcQwB.o",
                    66368
                ]
            ],
            "size": 234362
        }
    ]
}