{
    "Modules": {
        "...MASTER...": {
            "start_perf": [
                6.3526460430584848,
                0.18528600000000001,
                0.039059999999999997,
                182608,
                196444,
                1614355885.5443981,
                1252321186445844
            ],
            "child_modules": {
                "test": 1
            },
            "nRouts": 5,
            "end_perf": [
                6.3581380430841818,
                0.186691,
                0.040148000000000003,
                182876,
                196444,
                1252321204528641,
                0,
                0
            ],
            "nQuads": 0,
            "nMops": 0
        },
        "flash": {
            "Compiled Times": 89,
            "start_perf": [
                6.3582400430459529,
                0.18678600000000001,
                0.040148000000000003,
                182876,
                196444,
                1614355885.5499921,
                1252321204838724
            ],
            "child_modules": {
                "BUFFER": 5
            },
            "nRouts": 242,
            "end_perf": [
                6.396473043016158,
                0.224139,
                0.041024999999999999,
                185048,
                196444,
                1252321330776744,
                12884901889,
                0
            ],
            "Compiled": "Yes",
            "nQuads": 4921,
            "nMops": 12744
        },
        "test": {
            "Compiled Times": 89,
            "start_perf": [
                6.3971690430771559,
                0.22472900000000001,
                0.041133000000000003,
                185048,
                196444,
                1614355885.5889211,
                1252321333022736
            ],
            "child_modules": {
                "flash": 1
            },
            "nRouts": 210,
            "end_perf": [
                6.465949043049477,
                0.29049199999999997,
                0.044074000000000002,
                189036,
                196444,
                1252321559518593,
                21474836481,
                0
            ],
            "Compiled": "Yes",
            "nQuads": 4234,
            "nMops": 12062
        },
        "BUFFER": {
            "Compiled Times": 26,
            "start_perf": [
                6.3965340430149809,
                0.224191,
                0.041035000000000002,
                185048,
                196444,
                1614355885.5882859,
                1252321330907169
            ],
            "child_modules": {},
            "nRouts": 5,
            "end_perf": [
                6.3971290430054069,
                0.224694,
                0.041126999999999997,
                185048,
                196444,
                1252321332883182,
                17179869185,
                0
            ],
            "Compiled": "Yes",
            "nQuads": 0,
            "nMops": 0
        }
    },
    "CompUnits": {
        "x9Hvb_d": {
            "mod": "test",
            "out": "x9Hvb_d.o",
            "text": 57855,
            "bytes": 92308,
            "mode": 4,
            "archive": "archive.88/_32041_archive_1.a",
            "checksum": 0
        }
    },
    "reusePaths": {
        "amcQw_d": {
            "icPath": "csrc"
        },
        "TKY6z_d": {
            "icPath": "csrc"
        },
        "sIeQK_d": {
            "icPath": "csrc"
        }
    },
    "ObjArchives": [
        {
            "archive": "archive.88/_32041_archive_1.a",
            "size": 159026,
            "objects": [
                [
                    "x9Hvb_d.o",
                    92308
                ],
                [
                    "amcQwB.o",
                    66718
                ]
            ]
        }
    ],
    "stat": {
        "ru_self_end": {
            "ru_nvcsw": 54,
            "ru_utime_sec": 0.29453699999999999,
            "ru_nivcsw": 99,
            "ru_stime_sec": 0.046084,
            "ru_minflt": 27788,
            "ru_maxrss_kb": 68276,
            "ru_majflt": 1
        },
        "ru_childs_end": {
            "ru_nvcsw": 9,
            "ru_utime_sec": 0.011072,
            "ru_nivcsw": 20,
            "ru_stime_sec": 0.013620999999999999,
            "ru_minflt": 4861,
            "ru_maxrss_kb": 12108,
            "ru_majflt": 0
        },
        "peak_mem_kb": 196444,
        "cpu_cycles_end": 1252321579344729
    }
}