{
    "Modules": {
        "...MASTER...": {
            "start_perf": [
                6.7171490894397721,
                0.169265,
                0.036839999999999998,
                182600,
                196436,
                1614147523.3404679,
                566283624055770
            ],
            "nMops": 0,
            "child_modules": {
                "test": 1
            },
            "nQuads": 0,
            "end_perf": [
                6.7234780894359574,
                0.16977,
                0.038947000000000002,
                182868,
                196436,
                566283644936349,
                0,
                0
            ],
            "nRouts": 5
        },
        "flash": {
            "start_perf": [
                6.723573089344427,
                0.169848,
                0.038965,
                182868,
                196436,
                1614147523.3468921,
                566283645208671
            ],
            "nMops": 12744,
            "child_modules": {
                "BUFFER": 5
            },
            "Compiled": "Yes",
            "Compiled Times": 45,
            "nQuads": 4921,
            "end_perf": [
                6.7702750894241035,
                0.21346000000000001,
                0.041894000000000001,
                185092,
                196436,
                566283799077861,
                12884901889,
                0
            ],
            "nRouts": 242
        },
        "BUFFER": {
            "start_perf": [
                6.7703540894435719,
                0.21352699999999999,
                0.041907,
                185092,
                196436,
                1614147523.3936729,
                566283799256436
            ],
            "nMops": 0,
            "child_modules": {},
            "Compiled": "Yes",
            "Compiled Times": 39,
            "nQuads": 0,
            "end_perf": [
                6.7710760893533006,
                0.21424799999999999,
                0.041907,
                185092,
                196436,
                566283801647511,
                17179869185,
                0
            ],
            "nRouts": 5
        },
        "test": {
            "start_perf": [
                6.7711300894152373,
                0.21430199999999999,
                0.041907,
                185092,
                196436,
                1614147523.394449,
                566283801807036
            ],
            "nMops": 10251,
            "child_modules": {
                "flash": 1
            },
            "Compiled": "Yes",
            "Compiled Times": 45,
            "nQuads": 3705,
            "end_perf": [
                6.8423930894350633,
                0.28338600000000003,
                0.043905,
                188960,
                196436,
                566284036509558,
                21474836481,
                0
            ],
            "nRouts": 173
        }
    },
    "CompUnits": {
        "x9Hvb_d": {
            "mode": 4,
            "mod": "test",
            "checksum": 0,
            "out": "x9Hvb_d.o",
            "bytes": 79580,
            "text": 47378,
            "archive": "archive.44/_7909_archive_1.a"
        }
    },
    "reusePaths": {
        "amcQw_d": {
            "icPath": "csrc"
        },
        "TKY6z_d": {
            "icPath": "csrc"
        },
        "sIeQK_d": {
            "icPath": "csrc"
        }
    },
    "ObjArchives": [
        {
            "size": 145916,
            "archive": "archive.44/_7909_archive_1.a",
            "objects": [
                [
                    "x9Hvb_d.o",
                    79580
                ],
                [
                    "amcQwB.o",
                    66336
                ]
            ]
        }
    ],
    "stat": {
        "ru_self_end": {
            "ru_nvcsw": 51,
            "ru_utime_sec": 0.28666199999999997,
            "ru_stime_sec": 0.048772000000000003,
            "ru_majflt": 0,
            "ru_maxrss_kb": 71940,
            "ru_minflt": 26040,
            "ru_nivcsw": 328
        },
        "ru_childs_end": {
            "ru_nvcsw": 9,
            "ru_utime_sec": 0.0036670000000000001,
            "ru_stime_sec": 0.017618000000000002,
            "ru_majflt": 0,
            "ru_maxrss_kb": 16076,
            "ru_minflt": 4861,
            "ru_nivcsw": 106
        },
        "cpu_cycles_end": 566284066336029,
        "peak_mem_kb": 196436
    }
}